Event Name,Raw Date,Start Date,End Date,Venue,Country,Discipline,Competition Group,Result Link
46th World Athletics Cross Country Championships,10 JAN 2026,2026-01-10,2026-01-10,USA,GW,"World Athletics Cross Country Championships, World Athletics Series",Result,https://worldathletics.org/competition/calendar-results/results/7206650
Tyson Invitational,13-14 FEB 2026,2026-02-13,2026-02-14,"Randal Tyson Indoor Center, Fayetteville, AR (USA)",USA,Track and Field,World Athletics Indoor Tour,
13. Erfurt Indoor 2026,13 FEB 2026,2026-02-13,2026-02-13,"Hartwig-Gauder-Halle, Erfurt (GER)",GER,Track and Field,World Athletics Indoor Tour,
Indoor Spike,12 FEB 2026,2026-02-12,2026-02-12,"Atletická hala, Ruská, Ostrava (CZE)",CZE,Track and Field,World Athletics Indoor Tour,https://worldathletics.org/competition/calendar-results/results/7231411
Memorijal Josip Gašparac,12-13 FEB 2026,2026-02-12,2026-02-13,"Dvorane Gradski Vrt, Osijek (CRO)",CRO,Track and Field,World Athletics Indoor Tour,https://worldathletics.org/competition/calendar-results/results/7229855
Belgrade Indoor Meeting,11 FEB 2026,2026-02-11,2026-02-11,"Atletska dvorana, Beograd (SRB)",SRB,Track and Field,World Athletics Indoor Tour,https://worldathletics.org/competition/calendar-results/results/7228107
High Jump Meeting Beskyd Bar,10 FEB 2026,2026-02-10,2026-02-10,"Werk Arena, Třinec (CZE)",CZE,Track and Field,World Athletics Indoor Tour,https://worldathletics.org/competition/calendar-results/results/7229835
Sparkassen Indoor Meeting Dortmund,08 FEB 2026,2026-02-08,2026-02-08,"Helmut-Körnig-Halle, Dortmund (GER)",GER,Track and Field,World Athletics Indoor Tour,https://worldathletics.org/competition/calendar-results/results/7230000
INIT Indoor Meeting Karlsruhe,08 FEB 2026,2026-02-08,2026-02-08,"Europahalle, Karlsruhe (GER)",GER,Track and Field,World Athletics Indoor Tour,https://worldathletics.org/competition/calendar-results/results/7230001
Meeting Metz Moselle Athlélor Crédit Mutuel,08 FEB 2026,2026-02-08,2026-02-08,"L'Anneau-Halle d'athlétisme de Metz, Metz (FRA)",FRA,Track and Field,World Athletics Indoor Tour,https://worldathletics.org/competition/calendar-results/results/7229843
Fly Athens Indoor,07 FEB 2026,2026-02-07,2026-02-07,"Olympic Sports Complex of Paiania, Athina (GRE)",GRE,Track and Field,World Athletics Indoor Tour,https://worldathletics.org/competition/calendar-results/results/7233319
High Jump Meeting Hustopečské skákání,07 FEB 2026,2026-02-07,2026-02-07,"Městská sportovní hala, Hustopeče (CZE)",CZE,Track and Field,World Athletics Indoor Tour,https://worldathletics.org/competition/calendar-results/results/7229832
EAP CIRCUIT Cosma Indoor Cup,07 FEB 2026,2026-02-07,2026-02-07,"President Valdas Adamkus athletics indoor arena, Kaunas (LTU)",LTU,Track and Field,World Athletics Indoor Tour,https://worldathletics.org/competition/calendar-results/results/7229934
Perche en Or,07 FEB 2026,2026-02-07,2026-02-07,"Stabinski Velodrome, Roubaix (FRA)",FRA,Track and Field,World Athletics Indoor Tour,https://worldathletics.org/competition/calendar-results/results/7230454
World Indoor Tour Gold Madrid 2026,06 FEB 2026,2026-02-06,2026-02-06,"Gallur, Madrid (ESP)",ESP,Track and Field,World Athletics Indoor Tour,https://worldathletics.org/competition/calendar-results/results/7229626
BKK Freundenburg High Jump Meeting,06 FEB 2026,2026-02-06,2026-02-06,"TSG-Halle, Weinheim (GER)",GER,Track and Field,World Athletics Indoor Tour,https://worldathletics.org/competition/calendar-results/results/7230011
IFAM Louvain-La-Neuve Indoor,04 FEB 2026,2026-02-04,2026-02-04,"Complexe Sportif de Blocry, Louvain-La-Neuve (BEL)",BEL,Track and Field,World Athletics Indoor Tour,https://worldathletics.org/competition/calendar-results/results/7229894
Udin Jump Development,04 FEB 2026,2026-02-04,2026-02-04,"Palaindoor O. Bernes, Udine (ITA)",ITA,Track and Field,World Athletics Indoor Tour,https://worldathletics.org/competition/calendar-results/results/7234037
Czech Indoor Gala,03 FEB 2026,2026-02-03,2026-02-03,"Atletická hala, Ostrava (CZE)",CZE,Track and Field,World Athletics Indoor Tour,https://worldathletics.org/competition/calendar-results/results/7228062
Rochlitz Shot Put Meeting,01 FEB 2026,2026-02-01,2026-02-01,"Turnhalle Am Regenbogen, Rochlitz (GER)",GER,Track and Field,World Athletics Indoor Tour,https://worldathletics.org/competition/calendar-results/results/7230006
Meeting de L'Eure,01 FEB 2026,2026-02-01,2026-02-01,"Stade couvert Jesse Owens, Val-de-Reuil (FRA)",FRA,Track and Field,World Athletics Indoor Tour,https://worldathletics.org/competition/calendar-results/results/7229841
Indoor High Jump,31 JAN 2026,2026-01-31,2026-01-31,"Pista Coperta Moreno Martini, Lucca (ITA)",ITA,Track and Field,World Athletics Indoor Tour,https://worldathletics.org/competition/calendar-results/results/7235465
Gran Premio Ciudad de Valencia,31 JAN 2026,2026-01-31,2026-01-31,"Velódromo Luis Puig, Valencia (ESP)",ESP,Track and Field,World Athletics Indoor Tour,https://worldathletics.org/competition/calendar-results/results/7229988
IFAM Gent Indoor,31 JAN 2026,2026-01-31,2026-01-31,"Topsporthal Vlaanderen, Gent (BEL)",BEL,Track and Field,World Athletics Indoor Tour,https://worldathletics.org/competition/calendar-results/results/7229854
Gorzów Jump Festival,31 JAN 2026,2026-01-31,2026-01-31,"Arena Gorzów, Gorzów Wielkopolski (POL)",POL,Track and Field,World Athletics Indoor Tour,https://worldathletics.org/competition/calendar-results/results/7229933
International Nordhausen Indoor Shot put,31 JAN 2026,2026-01-31,2026-01-31,"Wiedigsburghalle, Nordhausen (GER)",GER,Track and Field,World Athletics Indoor Tour,https://worldathletics.org/competition/calendar-results/results/7234320
6th International High Jump Gala Elmos,31 JAN 2026,2026-01-31,2026-01-31,"Sport Vlaanderen Herentals, Herentals (BEL)",BEL,Track and Field,World Athletics Indoor Tour,https://worldathletics.org/competition/calendar-results/results/7229853
Meeting Indoor de Limoges,31 JAN 2026,2026-01-31,2026-01-31,"Salle Marie-José Perec, Limoges (FRA)",FRA,Track and Field,World Athletics Indoor Tour,https://worldathletics.org/competition/calendar-results/results/7230653
scottishathletics EAP Indoor International,31 JAN 2026,2026-01-31,2026-01-31,"Emirates Arena, Glasgow (GBR)",GBR,Track and Field,World Athletics Indoor Tour,https://worldathletics.org/competition/calendar-results/results/7234136
Millrose Games,30 JAN-01 FEB 2026,2026-01-30,2026-02-01,"Armory Track&Field Center, New York, NY (USA)",USA,Track and Field,World Athletics Indoor Tour,https://worldathletics.org/competition/calendar-results/results/7229596
Elite Indoor Track Miramas Meeting,30 JAN 2026,2026-01-30,2026-01-30,"Stadium Miramas Métropole, Miramas (FRA)",FRA,Track and Field,World Athletics Indoor Tour,https://worldathletics.org/competition/calendar-results/results/7229845
Perch'Xtrem,30-31 JAN 2026,2026-01-30,2026-01-31,"Palais des Sports Caen la Mer, Caen (FRA)",FRA,Track and Field,World Athletics Indoor Tour,https://worldathletics.org/competition/calendar-results/results/7229844
DeLoss Dodds Invitational,30-31 JAN 2026,2026-01-30,2026-01-31,"Cliff Rovelto Indoor Track, Manhattan, KS (USA)",USA,Track and Field,World Athletics Indoor Tour,https://worldathletics.org/competition/calendar-results/results/7233294
International Jump-Meeting Cottbus,28 JAN 2026,2026-01-28,2026-01-28,"Lausitz-Arena, Cottbus (GER)",GER,Track and Field,World Athletics Indoor Tour,https://worldathletics.org/competition/calendar-results/results/7230010
Orlen Cup Łódź,25 JAN 2026,2026-01-25,2026-01-25,"Atlas Arena, Łódź (POL)",POL,Track and Field,World Athletics Indoor Tour,https://worldathletics.org/competition/calendar-results/results/7229932
Meeting de Paris Indoor,25 JAN 2026,2026-01-25,2026-01-25,"AccorHotels Arena de Bercy, Paris (FRA)",FRA,Track and Field,World Athletics Indoor Tour,https://worldathletics.org/competition/calendar-results/results/7229846
Meeting Moniz Pereira,25 JAN 2026,2026-01-25,2026-01-25,"Expocentro, Pombal (POR)",POR,Track and Field,World Athletics Indoor Tour,https://worldathletics.org/competition/calendar-results/results/7234540
Vinthundsvintern,24 JAN 2026,2026-01-24,2026-01-24,"Friidrottshall, Sollentuna (SWE)",SWE,Track and Field,World Athletics Indoor Tour,https://worldathletics.org/competition/calendar-results/results/7232299
New Balance Indoor Grand Prix,24 JAN 2026,2026-01-24,2026-01-24,"The Track at New Balance, Boston, MA (USA)",USA,Track and Field,World Athletics Indoor Tour,https://worldathletics.org/competition/calendar-results/results/7231935
Meeting Indoor de Lyon,24 JAN 2026,2026-01-24,2026-01-24,"Halle Stéphane Diagana, Lyon (FRA)",FRA,Track and Field,World Athletics Indoor Tour,https://worldathletics.org/competition/calendar-results/results/7229847
27. Internationales Leichtathletik Hallenmeeting,24 JAN 2026,2026-01-24,2026-01-24,"Leichtathletikhalle im Sportforum, Chemnitz (GER)",GER,Track and Field,World Athletics Indoor Tour,https://worldathletics.org/competition/calendar-results/results/7230008
ISTAF Indoor Düsseldorf,24 JAN 2026,2026-01-24,2026-01-24,"PSD Bank Dome, Düsseldorf (GER)",GER,Track and Field,World Athletics Indoor Tour,https://worldathletics.org/competition/calendar-results/results/7230009
Starperche,24 JAN 2026,2026-01-24,2026-01-24,"Palais des Sports, Bordeaux (FRA)",FRA,Track and Field,World Athletics Indoor Tour,https://worldathletics.org/competition/calendar-results/results/7229848
Dr. Sander Invitational,24 JAN 2026,2026-01-24,2026-01-24,"Armory Track&Field Center, New York, NY (USA)",USA,Track and Field,World Athletics Indoor Tour,https://worldathletics.org/competition/calendar-results/results/7229595
Full Moon Jump,24 JAN 2026,2026-01-24,2026-01-24,"Friidrottens Hus, Göteborg (SWE)",SWE,Track and Field,World Athletics Indoor Tour,https://worldathletics.org/competition/calendar-results/results/7232018
Meeting de Nantes Metropole,23 JAN 2026,2026-01-23,2026-01-23,"Stadium Pierre-Quinon, Nantes (FRA)",FRA,Track and Field,World Athletics Indoor Tour,https://worldathletics.org/competition/calendar-results/results/7229849
Meeting Internacional Catalunya de Pista Coberta,23 JAN 2026,2026-01-23,2026-01-23,"Pista Coberta de Catalunya, Sabadell (ESP)",ESP,Track and Field,World Athletics Indoor Tour,https://worldathletics.org/competition/calendar-results/results/7229991
BAUHAUS-galan Indoor,22 JAN 2026,2026-01-22,2026-01-22,"Sätrahallen, Stockholm (SWE)",SWE,Track and Field,World Athletics Indoor Tour,https://worldathletics.org/competition/calendar-results/results/7233157
Tampere Indoor Meeting,21 JAN 2026,2026-01-21,2026-01-21,"TESC, Tampere (FIN)",FIN,Track and Field,World Athletics Indoor Tour,https://worldathletics.org/competition/calendar-results/results/7230005
Aarhus SPRINT’n’JUMP,20 JAN 2026,2026-01-20,2026-01-20,"Aarhus Atletik og Løbeakademi, Århus (DEN)",DEN,Track and Field,World Athletics Indoor Tour,https://worldathletics.org/competition/calendar-results/results/7229931
CMCM Luxembourg Indoor Meeting,18 JAN 2026,2026-01-18,2026-01-18,"Coque Sport Center, Luxembourg (LUX)",LUX,Track and Field,World Athletics Indoor Tour,https://worldathletics.org/competition/calendar-results/results/7229953
Meeting de Saut en Hauteur d'Hirson,17 JAN 2026,2026-01-17,2026-01-17,"Salle Georges Hébert, Hirson (FRA)",FRA,Track and Field,World Athletics Indoor Tour,https://worldathletics.org/competition/calendar-results/results/7229989
Antequera Indoor Match,17 JAN 2026,2026-01-17,2026-01-17,"Centro de Tecnificación de Atletismo, Antequera (ESP)",ESP,Track and Field,World Athletics Indoor Tour,https://worldathletics.org/competition/calendar-results/results/7230654
Klaverblad International Polsstokhoog gala,17 JAN 2026,2026-01-17,2026-01-17,"ARV Ilion, Zoetermeer (NED)",NED,Track and Field,World Athletics Indoor Tour,https://worldathletics.org/competition/calendar-results/results/7234135
Česká tyčka,17 JAN 2026,2026-01-17,2026-01-17,"Přetlaková hala Strahov, Strahov, Praha (CZE)",CZE,Track and Field,World Athletics Indoor Tour,https://worldathletics.org/competition/calendar-results/results/7229836
"V ""Memorial Alessio Giovannini""",17 JAN 2026,2026-01-17,2026-01-17,"Palaindoor Ancona, Ancona (ITA)",ITA,Track and Field,World Athletics Indoor Tour,https://worldathletics.org/competition/calendar-results/results/7234926
UCS Spirit National Pole Vault Summit,16-17 JAN 2026,2026-01-16,2026-01-17,"Reno Livestock Events Center, Reno, NV (USA)",USA,Track and Field,World Athletics Indoor Tour,https://worldathletics.org/competition/calendar-results/results/7232166
Stabhochsprung Stars,11 JAN 2026,2026-01-11,2026-01-11,"Raiffeisen athletics-center, Frauenfeld (SUI)",SUI,Track and Field,World Athletics Indoor Tour,https://worldathletics.org/competition/calendar-results/results/7232764
Penn Select,10 JAN 2026,2026-01-10,2026-01-10,"Ott Center for Track & Field, Philadelphia, PA (USA)",USA,Track and Field,World Athletics Indoor Tour,https://worldathletics.org/competition/calendar-results/results/7230849
Fana stavhoppgalla,03 JAN 2026,2026-01-03,2026-01-03,"Fana Arena, Bergen (NOR)",NOR,Track and Field,World Athletics Indoor Tour,https://worldathletics.org/competition/calendar-results/results/7229930
Sir Graeme Douglas International,08 FEB 2026,2026-02-08,2026-02-08,"Douglas Track & Field, Auckland (NZL)",NZL,Track and Field,World Athletics Continental Tour,https://worldathletics.org/competition/calendar-results/results/7230814
Pak'n Save Cooks International Classic,24 JAN 2026,2026-01-24,2026-01-24,"Cooks Gardens, Whanganui (NZL)",NZL,Track and Field,World Athletics Continental Tour,https://worldathletics.org/competition/calendar-results/results/7230813
Allan & Sylvia Potts Classic,17 JAN 2026,2026-01-17,2026-01-17,"Mitre10 Sports Park, Hastings (NZL)",NZL,Track and Field,World Athletics Continental Tour,https://worldathletics.org/competition/calendar-results/results/7231313
Burj2Burj Half Marathon,08 FEB 2026,2026-02-08,2026-02-08,Dubai (UAE),UAE,Road Running,World Athletics Label Road Races,https://worldathletics.org/competition/calendar-results/results/7237869
10K Gimnastica de Ulla,08 FEB 2026,2026-02-08,2026-02-08,San Sebastián (ESP),ESP,Road Running,World Athletics Label Road Races,https://worldathletics.org/competition/calendar-results/results/7236419
74th Beppu-Oita Mainichi Marathon,01 FEB 2026,2026-02-01,2026-02-01,Oita (JPN),JPN,Road Running,World Athletics Label Road Races,https://worldathletics.org/competition/calendar-results/results/7236070
78th Kagawa Marugame International Half Marathon,01 FEB 2026,2026-02-01,2026-02-01,Marugame (JPN),JPN,Road Running,World Athletics Label Road Races,https://worldathletics.org/competition/calendar-results/results/7236069
TotalEnergies 10k Murcia Costa Cálida,01 FEB 2026,2026-02-01,2026-02-01,Murcia (ESP),ESP,Road Running,World Athletics Label Road Races,https://worldathletics.org/competition/calendar-results/results/7237039
TotalEnergies Media Maratón Murcia Costa Cálida,01 FEB 2026,2026-02-01,2026-02-01,Murcia (ESP),ESP,Road Running,World Athletics Label Road Races,https://worldathletics.org/competition/calendar-results/results/7237038
TotalEnergies Maratón Murcia Costa Cálida,01 FEB 2026,2026-02-01,2026-02-01,Murcia (ESP),ESP,Road Running,World Athletics Label Road Races,https://worldathletics.org/competition/calendar-results/results/7235994
Dubai Marathon,01 FEB 2026,2026-02-01,2026-02-01,Dubai (UAE),UAE,Road Running,World Athletics Label Road Races,https://worldathletics.org/competition/calendar-results/results/7237510
Meia Maratona de Cascais,01 FEB 2026,2026-02-01,2026-02-01,Cascais (POR),POR,Road Running,World Athletics Label Road Races,https://worldathletics.org/competition/calendar-results/results/7237524
Riyadh Marathon,31 JAN 2026,2026-01-31,2026-01-31,Riyadh (KSA),KSA,Road Running,World Athletics Label Road Races,https://worldathletics.org/competition/calendar-results/results/7236536
Riyadh Half Marathon,31 JAN 2026,2026-01-31,2026-01-31,Riyadh (KSA),KSA,Road Running,World Athletics Label Road Races,https://worldathletics.org/competition/calendar-results/results/7236749
Medio Maraton Sevilla,25 JAN 2026,2026-01-25,2026-01-25,Sevilla (ESP),ESP,Road Running,World Athletics Label Road Races,https://worldathletics.org/competition/calendar-results/results/7235993
Osaka Women's Marathon,25 JAN 2026,2026-01-25,2026-01-25,Osaka (JPN),JPN,Road Running,World Athletics Label Road Races,https://worldathletics.org/competition/calendar-results/results/7235936
AXA Raheny 5,25 JAN 2026,2026-01-25,2026-01-25,Dublin (IRL),IRL,Road Running,World Athletics Label Road Races,https://worldathletics.org/competition/calendar-results/results/7237309
Marrakesh International Marathon,25 JAN 2026,2026-01-25,2026-01-25,Marrakech (MAR),MAR,Road Running,World Athletics Label Road Races,https://worldathletics.org/competition/calendar-results/results/7237507
Buriram Marathon Presented by Chang Mineral,24 JAN 2026,2026-01-24,2026-01-24,Buri Ram (THA),THA,Road Running,World Athletics Label Road Races,https://worldathletics.org/competition/calendar-results/results/7235987
Semi Marathon International de Djibouti Telecom,23 JAN 2026,2026-01-23,2026-01-23,Djibouti (DJI),DJI,Road Running,World Athletics Label Road Races,https://worldathletics.org/competition/calendar-results/results/7237294
Tata Mumbai Marathon,18 JAN 2026,2026-01-18,2026-01-18,Mumbai (IND),IND,Road Running,World Athletics Label Road Races,https://worldathletics.org/competition/calendar-results/results/7235567
Standard Chartered Hong Kong Marathon,18 JAN 2026,2026-01-18,2026-01-18,Hong Kong (HKG),HKG,Road Running,World Athletics Label Road Races,https://worldathletics.org/competition/calendar-results/results/7235568
34ª Mitja Marató Internacional Vila de Santa Pola,18 JAN 2026,2026-01-18,2026-01-18,Santa Pola (ESP),ESP,Road Running,World Athletics Label Road Races,https://worldathletics.org/competition/calendar-results/results/7236718
Chang'an Automobile Chongqing Marathon,18 JAN 2026,2026-01-18,2026-01-18,Chongqing (CHN),CHN,Road Running,World Athletics Label Road Races,https://worldathletics.org/competition/calendar-results/results/7235935
Doha Marathon by Ooredoo,16 JAN 2026,2026-01-16,2026-01-16,Doha (QAT),QAT,Road Running,World Athletics Label Road Races,https://worldathletics.org/competition/calendar-results/results/7235566
Chevron Houston Marathon,11 JAN 2026,2026-01-11,2026-01-11,"Houston, TX (USA)",USA,Road Running,World Athletics Label Road Races,https://worldathletics.org/competition/calendar-results/results/7235560
C&D Xiamen Marathon,11 JAN 2026,2026-01-11,2026-01-11,Xiamen (CHN),CHN,Road Running,World Athletics Label Road Races,https://worldathletics.org/competition/calendar-results/results/7235565
Aramco Houston Half Marathon,11 JAN 2026,2026-01-11,2026-01-11,"Houston, TX (USA)",USA,Road Running,World Athletics Label Road Races,https://worldathletics.org/competition/calendar-results/results/7236794
10K Valencia Ibercaja by Kiprun,11 JAN 2026,2026-01-11,2026-01-11,Valencia (ESP),ESP,Road Running,World Athletics Label Road Races,https://worldathletics.org/competition/calendar-results/results/7235984
40. OPTIMA Dreikönigslauf in Schwäbisch Hall,06 JAN 2026,2026-01-06,2026-01-06,Schwäbisch Hall (GER),GER,Road Running,World Athletics Label Road Races,https://worldathletics.org/competition/calendar-results/results/7236068
Tallinn 2026,31 JAN-01 FEB 2026,2026-01-31,2026-02-01,"Tallinna Kergejõustikuhall, Tallinn (EST)",EST,Combined Events,World Athletics Combined Events Tour,https://worldathletics.org/competition/calendar-results/results/7230385
3. International Antalya Race Walking Tour,07 FEB 2026,2026-02-07,2026-02-07,"Konyaaltı Boulvared, Antalya (TUR)",TUR,Race Walking,World Athletics Race Walking Tour,https://worldathletics.org/competition/calendar-results/results/7235114
Ecuadorean Race Walking Championships,07 FEB 2026,2026-02-07,2026-02-07,"Zoila Ugarte Park, Machala (ECU)",ECU,Race Walking,"World Athletics Race Walking Tour, National Senior Outdoor Race Walking Championships",https://worldathletics.org/competition/calendar-results/results/7235729
XXXVII Gran Premio de Marcha Atlética Ciudad de Guadix,25 JAN 2026,2026-01-25,2026-01-25,"Avenida de Buenos Aires, Guadix (ESP)",ESP,Race Walking,World Athletics Race Walking Tour,https://worldathletics.org/competition/calendar-results/results/7233060
"Australian 10,000m Race Walking Championships",25-26 JAN 2026,2026-01-25,2026-01-26,"AIS Athletics Track, Canberra (AUS)",AUS,"Race Walking, Track and Field","World Athletics Race Walking Tour, National Senior Outdoor Race Walking Championships",https://worldathletics.org/competition/calendar-results/results/7230629
Copa Brasil Loterias CAIXA de Marcha Atletica,25 JAN 2026,2026-01-25,2026-01-25,"Esplanada dos Ministérios, Brasilia (BRA)",BRA,Race Walking,World Athletics Race Walking Tour,https://worldathletics.org/competition/calendar-results/results/7234498
Gran Premi de Marxa del Vendrell,17 JAN 2026,2026-01-17,2026-01-17,El Vendrell (ESP),ESP,Race Walking,World Athletics Race Walking Tour,https://worldathletics.org/competition/calendar-results/results/7234038
USATF International Invitational Race Walk & National Race Walk Marathon Championships,11 JAN 2026,2026-01-11,2026-01-11,"Trolley Square, Santee, CA (USA)",USA,Race Walking,"World Athletics Race Walking Tour, National Senior Outdoor Race Walking Championships",https://worldathletics.org/competition/calendar-results/results/7233058
12th Asian Indoor Athletics Championships,06-08 FEB 2026,2026-02-06,2026-02-08,"Tuanbo Sports Center, Tianjin (CHN)",CHN,"Combined Events, Track and Field",Area Indoor Championships,https://worldathletics.org/competition/calendar-results/results/7230012
New Zealand 300m Hurdles Championships,17 JAN 2026,2026-01-17,2026-01-17,"Mitre10 Sports Park, Hastings (NZL)",NZL,Track and Field,National Senior Outdoor Championships,https://worldathletics.org/competition/calendar-results/results/7230948
Australian Athletics Short Track Championships,07 FEB 2026,2026-02-07,2026-02-07,"Lakeside Stadium, Melbourne (AUS)",AUS,Track and Field,National Senior Indoor Championships,https://worldathletics.org/competition/calendar-results/results/7230789
Bolivian Indoor Championships,07-08 FEB 2026,2026-02-07,2026-02-08,"Gobierno Autónomo Municipal de Cochabamba, Cochabamba (BOL)",BOL,"Combined Events, Track and Field",National Senior Indoor Championships,https://worldathletics.org/competition/calendar-results/results/7236970
Azerbaijan National Indoor Championships,06-07 FEB 2026,2026-02-06,2026-02-07,"Baku Athletics Center, Baku (AZE)",AZE,Track and Field,National Senior Indoor Championships,https://worldathletics.org/competition/calendar-results/results/7234592
Brazilian Short Track Championships,31 JAN 2026,2026-01-31,2026-01-31,"CNDA, Bragança Paulista (BRA)",BRA,Track and Field,National Senior Indoor Championships,https://worldathletics.org/competition/calendar-results/results/7235629
Turkish Indoor Championships,31 JAN-01 FEB 2026,2026-01-31,2026-02-01,"Ataköy Arena, Istanbul (TUR)",TUR,"Combined Events, Track and Field",National Senior Indoor Championships,https://worldathletics.org/competition/calendar-results/results/7231596
New Zealand Short Track Championships,17 JAN 2026,2026-01-17,2026-01-17,"Mitre10 Sports Park, Hastings (NZL)",NZL,Track and Field,National Senior Indoor Championships,https://worldathletics.org/competition/calendar-results/results/7230891
Kazak Indoor Championships,09-11 JAN 2026,2026-01-09,2026-01-11,"Track & Field complex QAZAQSTAN, Astana (KAZ)",KAZ,"Combined Events, Track and Field",National Senior Indoor Championships,https://worldathletics.org/competition/calendar-results/results/7236612
Swiss Indoor Combined Events Championships,07-08 FEB 2026,2026-02-07,2026-02-08,"Halle End der Welt, Magglingen (SUI)",SUI,Combined Events,National Senior Indoor Combined Events Championships,https://worldathletics.org/competition/calendar-results/results/7234494
Swedish Indoor Combined Events Championships,07-08 FEB 2026,2026-02-07,2026-02-08,"Tybblelundshallen, Örebro (SWE)",SWE,Combined Events,National Senior Indoor Combined Events Championships,https://worldathletics.org/competition/calendar-results/results/7230360
Austrian Indoor Combined Events Championships,07-08 FEB 2026,2026-02-07,2026-02-08,"TipsArena, Linz (AUT)",AUT,Combined Events,National Senior Indoor Combined Events Championships,https://worldathletics.org/competition/calendar-results/results/7236466
Danish Indoor Combined Events Championships,31 JAN-01 FEB 2026,2026-01-31,2026-02-01,"Langvang Atletikhal, Randers (DEN)",DEN,Combined Events,National Senior Indoor Combined Events Championships,https://worldathletics.org/competition/calendar-results/results/7235797
Belarus Indoor Combined Events Championships,26-27 JAN 2026,2026-01-26,2026-01-27,"Olimpiyets Arena, Mogilyov (BLR)",BLR,Combined Events,National Senior Indoor Combined Events Championships,https://worldathletics.org/competition/calendar-results/results/7236742
Portuguese Indoor Combined Events Championships,24-25 JAN 2026,2026-01-24,2026-01-25,"Altice Forum, Braga (POR)",POR,Combined Events,National Senior Indoor Combined Events Championships,https://worldathletics.org/competition/calendar-results/results/7232864
Serbian Indoor Combined Events Championships,24-25 JAN 2026,2026-01-24,2026-01-25,"Atletska dvorana, Beograd (SRB)",SRB,Combined Events,National Senior Indoor Combined Events Championships,https://worldathletics.org/competition/calendar-results/results/7234415
Latvian Indoor Combined Events Championships,17-18 JAN 2026,2026-01-17,2026-01-18,"Jāņa Daliņa Manēža, Valmiera (LAT)",LAT,Combined Events,National Senior Indoor Combined Events Championships,https://worldathletics.org/competition/calendar-results/results/7236294
Norwegian Indoor Combined Events Championships,17-18 JAN 2026,2026-01-17,2026-01-18,"Rud friidrettstadion, Bærum (NOR)",NOR,Combined Events,National Senior Indoor Combined Events Championships,https://worldathletics.org/competition/calendar-results/results/7234153
Irish Indoor Combined Events Championships,17-18 JAN 2026,2026-01-17,2026-01-18,"National Indoor Arena, Abbotstown, Dublin (IRL)",IRL,Combined Events,National Senior Indoor Combined Events Championships,https://worldathletics.org/competition/calendar-results/results/7234192
Lithuanian Indoor Combined Event Championships,09-10 JAN 2026,2026-01-09,2026-01-10,"Lengvosios atletikos maniežas, Šiauliai (LTU)",LTU,"Combined Events, Track and Field",National Senior Indoor Combined Events Championships,https://worldathletics.org/competition/calendar-results/results/7234611
Guatemalan Race Walking Championship,08 FEB 2026,2026-02-08,2026-02-08,San Jerónimo (GUA),GUA,Race Walking,National Senior Outdoor Race Walking Championships,https://worldathletics.org/competition/calendar-results/results/7235738
Ecuadorean Race Walking Championships,07 FEB 2026,2026-02-07,2026-02-07,"Zoila Ugarte Park, Machala (ECU)",ECU,Race Walking,"World Athletics Race Walking Tour, National Senior Outdoor Race Walking Championships",https://worldathletics.org/competition/calendar-results/results/7235729
Algerian Race Walking Championships,06 FEB 2026,2026-02-06,2026-02-06,"Complexe Olympique Mohamed Boudiaf, Algiers (ALG)",ALG,"Road Running, Race Walking",National Senior Outdoor Race Walking Championships,https://worldathletics.org/competition/calendar-results/results/7236870
USA 1 Mile Race Walking Championship,01 FEB 2026,2026-02-01,2026-02-01,"Armory Track&Field Center, New York, NY (USA)",USA,Track and Field,National Senior Outdoor Race Walking Championships,https://worldathletics.org/competition/calendar-results/results/7236769
Hong Kong Race Walking Championships,Postponed,,,Hong Kong (HKG),HKG,Race Walking,National Senior Outdoor Race Walking Championships,https://worldathletics.org/competition/calendar-results/results/7233492
"Australian 10,000m Race Walking Championships",25-26 JAN 2026,2026-01-25,2026-01-26,"AIS Athletics Track, Canberra (AUS)",AUS,"Race Walking, Track and Field","World Athletics Race Walking Tour, National Senior Outdoor Race Walking Championships",https://worldathletics.org/competition/calendar-results/results/7230629
Italian Marathon Race Walking Championships,25 JAN 2026,2026-01-25,2026-01-25,"Campo Giammaria, Acquaviva delle Fonti (ITA)",ITA,Race Walking,National Senior Outdoor Race Walking Championships,https://worldathletics.org/competition/calendar-results/results/7237868
Greek Marathon Race Walking Championships,25 JAN 2026,2026-01-25,2026-01-25,Aliartos (GRE),GRE,Race Walking,National Senior Outdoor Race Walking Championships,https://worldathletics.org/competition/calendar-results/results/7236260
Portuguese Marathon Race Walking Championships,25 JAN 2026,2026-01-25,2026-01-25,"Circuito Urbano, Porto de Mos (POR)",POR,"Road Running, Race Walking",National Senior Outdoor Race Walking Championships,https://worldathletics.org/competition/calendar-results/results/7232924
USATF International Invitational Race Walk & National Race Walk Marathon Championships,11 JAN 2026,2026-01-11,2026-01-11,"Trolley Square, Santee, CA (USA)",USA,Race Walking,"World Athletics Race Walking Tour, National Senior Outdoor Race Walking Championships",https://worldathletics.org/competition/calendar-results/results/7233058
Maratona do Funchal,17 JAN 2026,2026-01-17,2026-01-17,Funchal (POR),POR,Road Running,National Senior Marathon Championships,https://worldathletics.org/competition/calendar-results/results/7236306
Tiberias Marathon,09 JAN 2026,2026-01-09,2026-01-09,Tiberias (ISR),ISR,Road Running,National Senior Marathon Championships,https://worldathletics.org/competition/calendar-results/results/7233651
Maltese 10km Road Running Championships,18 JAN 2026,2026-01-18,2026-01-18,Ta' Qali (MLT),MLT,Road Running,National Senior Road Running Championships,https://worldathletics.org/competition/calendar-results/results/7233502
French Polynesian 5km Road Running Championships,17 JAN 2026,2026-01-17,2026-01-17,Punaauia (PYF),PYF,Road Running,National Senior Road Running Championships,https://worldathletics.org/competition/calendar-results/results/7235519
Figueira da Foz 10km,17 JAN 2026,2026-01-17,2026-01-17,Figueira da Foz (POR),POR,Road Running,National Senior Road Running Championships,https://worldathletics.org/competition/calendar-results/results/7232863
"New Zealand 10,000m Championships",10 JAN 2026,2026-01-10,2026-01-10,"Aorangi Stadium, Timaru (NZL)",NZL,Track and Field,"National Senior 10,000m Championships",https://worldathletics.org/competition/calendar-results/results/7237044
